INCR-537,True,16,./ecommerce/enterprise
INCR-538,True,10,./ecommerce/referrals:./ecommerce/tests
INCR-539,True,9,./ecommerce/extensions/order
INCR-540,True,16,./ecommerce/extensions/offer
INCR-541,True,13,./ecommerce/extensions/basket
INCR-542,True,6,./ecommerce/extensions/payment/tests
INCR-543,True,17,./ecommerce/extensions/payment
INCR-544,True,9,./ecommerce/extensions/partner
INCR-545,True,7,./ecommerce/extensions/dashboard
INCR-546,True,6,./ecommerce/extensions/voucher
INCR-547,True,22,./ecommerce/extensions/api/v2/tests:./ecommerce/extensions/api/v2/views
INCR-548,True,14,./ecommerce/extensions/api
INCR-549,True,14,./ecommerce/extensions/catalogue
INCR-550,True,8,./ecommerce/extensions/refund
INCR-551,True,3,./ecommerce/extensions
INCR-552,True,15,./ecommerce/journals
INCR-553,True,11,./ecommerce/programs
INCR-554,True,11,./ecommerce/courses
INCR-555,True,21,./ecommerce/theming
INCR-556,True,6,./docs:./ecommerce
INCR-557,True,4,.
